Grade,Topic,Learning Objective,English question,Answer_english
3,Counting,reads and writes numbers up to 999 using place value,The roll number of Gaurav is 150. Which number comes after Gaurav’s roll number?,151
3,Counting,reads and writes numbers up to 999 using place value,"In the number 572, which digit is in the hundreds place?",5
3,Counting,reads and writes numbers up to 999 using place value,"Rahul’s roll number is just after 299.
What is his roll number?",300
3,Counting,reads and writes numbers up to 999 using place value,"In the number 719, which digit is in the tens place?",1
3,Counting,reads and writes numbers up to 999 using place value,"I am a 3-digit number.My hundreds place is 4, my tens place is 2, and my ones place is 7. What number am I?",427
3,Counting,reads and writes numbers up to 999 using place value,"In the number 692, which digit is in the hundreds place and what is its value?","6, 600"
3,Counting,reads and writes numbers up to 999 using place value,"Use the digits 4, 9, and 0 to make the greatest 3-digit numbers",940
3,Counting,reads and writes numbers up to 999 using place value,"In the number 864, which digit is in the tens place?",6
3,Counting,reads and writes numbers up to 999 using place value,The roll number of Sneha is 26.What number comes just after Sneha’s roll number?,27
3,Counting,reads and writes numbers up to 999 using place value,"In the number 572, which digit is in the hundreds place?",5
3,Counting,reads and writes numbers up to 999 using place value,Neha’s scooter odometer shows 578 km.What is the digit in the tens place?,7
3,Compare numbers,compares numbers up to 999 for their value based on their place value,"Write the smallest number: 562, 625, 256, 265",256
3,Compare numbers,compares numbers up to 999 for their value based on their place value,"Write the biggest number: 709, 970, 907, 790",970
3,Compare numbers,compares numbers up to 999 for their value based on their place value,"Out of 912, 921, and 129, which is the biggest number?",921
3,Compare numbers,compares numbers up to 999 for their value based on their place value,"Write the smallest number in this group: 304, 430, 403, 340",304
3,Compare numbers,compares numbers up to 999 for their value based on their place value,"Arrange the numbers from smallest to biggest: 245, 542, 452, 524","245,452,524,542"
3,Compare numbers,compares numbers up to 999 for their value based on their place value,"Arrange the numbers from biggest to smallest: 679, 967, 796, 769","967, 796, 769, 679 "
3,Compare numbers,compares numbers up to 999 for their value based on their place value,"Riya has ₹ 324 , and her brother has ₹ 243. Who has more money?",Riya
3,Compare numbers,compares numbers up to 999 for their value based on their place value,A shop in Delhi sold 456 pencils on Monday and 654 pencils on Tuesday. On which day did it sell more pencils?,Tuesday
3,Compare numbers,compares numbers up to 999 for their value based on their place value,A bus carried 375 passengers in the morning and 537 passengers in the evening. Which trip had fewer passengers?,morning
3,Compare numbers,compares numbers up to 999 for their value based on their place value,"In a cricket match, India scored 447 runs and Australia scored 374 runs. Who scored more runs?",India
3,Compare numbers,compares numbers up to 999 for their value based on their place value,Ram has 289 mangoes and his neighbor Shyam has 298 mangoes. Who has fewer mangoes?,Ram
3,addition,"solves simple daily life problems using addition and subtraction of three digit numbers with and without regrouping, sums not exceeding 999",A library has 124 storybooks and 89 science books. How many books are there in total in the library?,213 books
3,addition,"solves simple daily life problems using addition and subtraction of three digit numbers with and without regrouping, sums not exceeding 999",Ravi collected 78 stamps last year and 95 stamps this year. How many stamps has Ravi collected in total?,173 stamps
3,addition,"solves simple daily life problems using addition and subtraction of three digit numbers with and without regrouping, sums not exceeding 999","In a school function, there were 135 boys and 128 girls present. How many students were there in total at the function?",263 students
3,addition,"solves simple daily life problems using addition and subtraction of three digit numbers with and without regrouping, sums not exceeding 999",A fruit seller sold 67 apples in the morning and 84 apples in the evening. How many apples did he sell in total?,151 apples
3,addition,"solves simple daily life problems using addition and subtraction of three digit numbers with and without regrouping, sums not exceeding 999",A bus has 42 passengers in the morning and 58 passengers in the afternoon. How many passengers traveled on the bus in total?,100 passengers
3,addition,"solves simple daily life problems using addition and subtraction of three digit numbers with and without regrouping, sums not exceeding 999",A farmer harvested 93 kg of wheat from one field and 76 kg from another field. How much wheat did the farmer harvest in total?,169 kg
3,addition,"solves simple daily life problems using addition and subtraction of three digit numbers with and without regrouping, sums not exceeding 999","In a cricket match, Team A scored 168 runs in the first innings and 195 runs in the second innings. How many runs did Team A score in total?",363 runs
3,addition,"solves simple daily life problems using addition and subtraction of three digit numbers with and without regrouping, sums not exceeding 999",Rina collected 48 shells on the beach in the morning and 39 more in the evening. How many shells did she collect in total?,87 shells
3,addition,"solves simple daily life problems using addition and subtraction of three digit numbers with and without regrouping, sums not exceeding 999",Priya read 186 pages of a book on Monday and 142 pages on Tuesday. How many pages did she read in total?,328 pages
3,addition,"solves simple daily life problems using addition and subtraction of three digit numbers with and without regrouping, sums not exceeding 999",A farmer harvested 275 kg of wheat in the first week and 189 kg in the second week. How much wheat did he harvest in total?,464 kg
3,addition,"solves simple daily life problems using addition and subtraction of three digit numbers with and without regrouping, sums not exceeding 999","Meera bought 129 mangoes for a festival. Later, she bought 218 more. How many mangoes does she have now?",347 mangoes
3,addition,"solves simple daily life problems using addition and subtraction of three digit numbers with and without regrouping, sums not exceeding 999",Aarav has 125 marbles. His friend gave him 237 more. How many marbles does Aarav have now?,362 marbles
3,addition,"solves simple daily life problems using addition and subtraction of three digit numbers with and without regrouping, sums not exceeding 999","In a park, there are 64 rose plants and 87 sunflower plants. How many plants are there in total in the park?",151 plants
3,addition,"solves simple daily life problems using addition and subtraction of three digit numbers with and without regrouping, sums not exceeding 999",A stationery shop sold 129 pens on Monday and 143 pens on Tuesday. How many pens did the shop sell in total?,272 pens
3,addition,"solves simple daily life problems using addition and subtraction of three digit numbers with and without regrouping, sums not exceeding 999",An ice cream vendor sold 75 ice creams in the morning and 88 ice creams in the evening. How many ice creams did he sell in total?,163
3,subtraction,"solves simple daily life problems using addition and subtraction of three digit numbers with and without regrouping, sums not exceeding 999",A fruit seller had 120 apples. He sold 45 apples in the morning. How many apples are left with him?,75
3,subtraction,"solves simple daily life problems using addition and subtraction of three digit numbers with and without regrouping, sums not exceeding 999",Priya had 92 candies. She ate 38 candies. How many candies are left with Priya?,54
3,subtraction,"solves simple daily life problems using addition and subtraction of three digit numbers with and without regrouping, sums not exceeding 999",A library had 250 books. 75 books were issued to students. How many books are left in the library?,175
3,subtraction,"solves simple daily life problems using addition and subtraction of three digit numbers with and without regrouping, sums not exceeding 999",Arjun collected 134 stamps. He lost 48 stamps. How many stamps does he have now?,86
3,subtraction,"solves simple daily life problems using addition and subtraction of three digit numbers with and without regrouping, sums not exceeding 999",Rohan had ₹ 275. He bought a toy for ₹ 138. How much money does he have left?,₹ 137
3,subtraction,"solves simple daily life problems using addition and subtraction of three digit numbers with and without regrouping, sums not exceeding 999","A fruit seller had 342 apples in the morning. By the evening, he sold 215 apples. How many apples are left with him?",127
3,subtraction,"solves simple daily life problems using addition and subtraction of three digit numbers with and without regrouping, sums not exceeding 999","A school library had 450 books. After donating 187 books to another school, how many books are left in the library?",263
3,subtraction,"solves simple daily life problems using addition and subtraction of three digit numbers with and without regrouping, sums not exceeding 999",Sita had 325 beads for making necklaces. She used 178 beads to make some necklaces. How many beads are left?,147
3,subtraction,"solves simple daily life problems using addition and subtraction of three digit numbers with and without regrouping, sums not exceeding 999",A farmer had 500 kg of rice. He sold 263 kg in the market. How much rice does he have now?,237
3,subtraction,"solves simple daily life problems using addition and subtraction of three digit numbers with and without regrouping, sums not exceeding 999",There were 180 students in a school. 65 students went on a school trip. How many students are left in the school?,115
3,subtraction,"solves simple daily life problems using addition and subtraction of three digit numbers with and without regrouping, sums not exceeding 999",Ravi had 95 pencils. He gave 43 pencils to his classmates. How many pencils are left with Ravi?,52
3,subtraction,"solves simple daily life problems using addition and subtraction of three digit numbers with and without regrouping, sums not exceeding 999",A shopkeeper had 200 chocolates. He sold 123 chocolates. How many chocolates are left with him?,77
3,subtraction,"solves simple daily life problems using addition and subtraction of three digit numbers with and without regrouping, sums not exceeding 999",A farmer harvested 350 kg of wheat. He sold 175 kg in the market. How much wheat is left with the farmer?,175 kg
3,subtraction,"solves simple daily life problems using addition and subtraction of three digit numbers with and without regrouping, sums not exceeding 999",There were 140 chairs in an auditorium. 87 chairs were occupied during an event. How many chairs were left unoccupied?,53
3,subtraction,"solves simple daily life problems using addition and subtraction of three digit numbers with and without regrouping, sums not exceeding 999",Meena had ₹500. She spent ₹275 on buying groceries. How much money is left with Meena?,225
3,addition and subtraction,"solves simple daily life problems using addition and subtraction of three digit numbers with and without regrouping, sums not exceeding 999","Ravi collected 78 stamps from one shop and 56 from another shop. How many stamps did he collect in total? If he gave 43 stamps to his friend, how many stamps are left with him?","134, 91"
3,addition and subtraction,"solves simple daily life problems using addition and subtraction of three digit numbers with and without regrouping, sums not exceeding 999",Neha had 120 chocolates. She gave 45 chocolates to her cousin and later bought 30 more. How many chocolates does Neha have now?,105
3,addition and subtraction,"solves simple daily life problems using addition and subtraction of three digit numbers with and without regrouping, sums not exceeding 999","Priya bought 4 notebooks costing ₹120, ₹135, ₹150, and ₹100. If she gave ₹550 to the shopkeeper, how much money did she spend in total? How much money did she get back?","505, 45"
3,addition and subtraction,"solves simple daily life problems using addition and subtraction of three digit numbers with and without regrouping, sums not exceeding 999",A fruit seller had 180 apples. He sold 75 apples in the morning and 43 apples in the evening. How many apples did he sell in total? How many apples are left with him now?,"118, 62"
3,addition and subtraction,"solves simple daily life problems using addition and subtraction of three digit numbers with and without regrouping, sums not exceeding 999",A shopkeeper had 300 pencils. He sold 125 pencils on Monday and 98 pencils on Tuesday. How many pencils did he sell in total? How many pencils are left with him now?,"223, 77"
3,addition and subtraction,"solves simple daily life problems using addition and subtraction of three digit numbers with and without regrouping, sums not exceeding 999",Raj had ₹ 250. He spent ₹ 135 on a book and later received ₹ 80 from his father. How much money does Raj have now?,₹ 195
3,addition and subtraction,"solves simple daily life problems using addition and subtraction of three digit numbers with and without regrouping, sums not exceeding 999",A shopkeeper had 400 kg of rice. He sold 175 kg in the morning and bought 90 kg more in the evening. How much rice does he have now?,315
3,addition and subtraction,"solves simple daily life problems using addition and subtraction of three digit numbers with and without regrouping, sums not exceeding 999","A school had 320 students. 85 students left the school, and later 50 new students joined the school. How many students are there in the school now?",285
3,addition and subtraction,"solves simple daily life problems using addition and subtraction of three digit numbers with and without regrouping, sums not exceeding 999",Meena had 180 pencils. She gave 95 pencils to her friends and later bought 60 more. How many pencils does Meena have now?,145
3,addition and subtraction,"solves simple daily life problems using addition and subtraction of three digit numbers with and without regrouping, sums not exceeding 999",A company manufactured 480 tables. It sold 200 tables and then produced 150 more. How many tables does the company have now?,430
3,addition and subtraction,"solves simple daily life problems using addition and subtraction of three digit numbers with and without regrouping, sums not exceeding 999",Arjun scored 85 runs in the first cricket match and 78 runs in the second match. How many runs did he score in total? How many more runs did he score in the first match than in the second?,"163, 7"
3,addition and subtraction,"solves simple daily life problems using addition and subtraction of three digit numbers with and without regrouping, sums not exceeding 999","There were 240 students in a school assembly. After the break, 85 students left the hall, and 60 new students joined. How many students are there in the assembly now?",215
3,addition and subtraction,"solves simple daily life problems using addition and subtraction of three digit numbers with and without regrouping, sums not exceeding 999","Rohan bought 3 storybooks costing ₹150, ₹200, and ₹180. If he paid ₹600 to the shopkeeper, how much money did he spend in total? How much money did he get back?","530, 70"
3,addition and subtraction,"solves simple daily life problems using addition and subtraction of three digit numbers with and without regrouping, sums not exceeding 999","A farmer harvested 350 kg of rice from one field and 420 kg from another. If he sold 500 kg in the market, how much rice does he have left?",270
3,multiplication,"constructs and uses the multiplication facts (tables) of 2, 3, 4, 5 and 10 in daily life situations. Multiply a 1-digit number by 1-digit or 2-digit numbers",Seema has 4 photo albums. Each album has 7 photos. How many photos does Seema have in total?,28
3,multiplication,"constructs and uses the multiplication facts (tables) of 2, 3, 4, 5 and 10 in daily life situations. Multiply a 1-digit number by 1-digit or 2-digit numbers",Amit bought 3 packs of crayons. Each pack contains 9 crayons. How many crayons does Amit have in total?,27
3,multiplication,"constructs and uses the multiplication facts (tables) of 2, 3, 4, 5 and 10 in daily life situations. Multiply a 1-digit number by 1-digit or 2-digit numbers",There are 6 rows of chairs in the classroom. Each row has 5 chairs. How many chairs are there in total?,30
3,multiplication,"constructs and uses the multiplication facts (tables) of 2, 3, 4, 5 and 10 in daily life situations. Multiply a 1-digit number by 1-digit or 2-digit numbers",Priya has 7 jars. Each jar contains 4 candies. How many candies does Priya have in total?,28
3,multiplication,"constructs and uses the multiplication facts (tables) of 2, 3, 4, 5 and 10 in daily life situations. Multiply a 1-digit number by 1-digit or 2-digit numbers",Ravi planted 5 rows of tomato plants. Each row has 8 plants. How many tomato plants did Ravi plant in total?,40
3,multiplication,"constructs and uses the multiplication facts (tables) of 2, 3, 4, 5 and 10 in daily life situations. Multiply a 1-digit number by 1-digit or 2-digit numbers","A box contains 6 toy cars. If Rohan has 3 such boxes, how many toy cars does he have in total?",18
3,multiplication,"constructs and uses the multiplication facts (tables) of 2, 3, 4, 5 and 10 in daily life situations. Multiply a 1-digit number by 1-digit or 2-digit numbers",Aman has 6 boxes. Each box contains 5 mangoes. How many mangoes does Aman have in total?,30
3,multiplication,"constructs and uses the multiplication facts (tables) of 2, 3, 4, 5 and 10 in daily life situations. Multiply a 1-digit number by 1-digit or 2-digit numbers",A teacher arranged 8 rows of chairs in the classroom. Each row has 6 chairs. How many chairs are there in total?,48
3,multiplication,"constructs and uses the multiplication facts (tables) of 2, 3, 4, 5 and 10 in daily life situations. Multiply a 1-digit number by 1-digit or 2-digit numbers",There are 12 flower pots in a garden. Each pot has 3 flowers. How many flowers are there in total?,36
3,multiplication,"constructs and uses the multiplication facts (tables) of 2, 3, 4, 5 and 10 in daily life situations. Multiply a 1-digit number by 1-digit or 2-digit numbers",A bakery sells 14 packets of biscuits every day. Each packet contains 8 biscuits. How many biscuits are sold in a day?,112
3,multiplication,"constructs and uses the multiplication facts (tables) of 2, 3, 4, 5 and 10 in daily life situations. Multiply a 1-digit number by 1-digit or 2-digit numbers",Riya bought 15 sets of bangles. Each set has 6 bangles. How many bangles does she have in total?,90
3,multiplication,"constructs and uses the multiplication facts (tables) of 2, 3, 4, 5 and 10 in daily life situations. Multiply a 1-digit number by 1-digit or 2-digit numbers",There are 13 shelves in the library. Each shelf has 7 books. How many books are there in total?,91
3,multiplication,"constructs and uses the multiplication facts (tables) of 2, 3, 4, 5 and 10 in daily life situations. Multiply a 1-digit number by 1-digit or 2-digit numbers",Manish bought 26 packs of biscuits. Each pack contains 6 biscuits. How many biscuits does Manish have in total?,156
3,multiplication,"constructs and uses the multiplication facts (tables) of 2, 3, 4, 5 and 10 in daily life situations. Multiply a 1-digit number by 1-digit or 2-digit numbers",There are 38 chairs in a room. Each chair has 4 legs. How many legs do all the chairs have in total?,152
3,multiplication,"constructs and uses the multiplication facts (tables) of 2, 3, 4, 5 and 10 in daily life situations. Multiply a 1-digit number by 1-digit or 2-digit numbers",There are 23 trays of eggs. Each tray contains 5 eggs. How many eggs are there in total?,115
3,division,explains the meaning of division facts by equal grouping/sharing and finds it by repeated subtraction. Divide a 2-digit number by 1-digit number,Ravi has 24 mangoes. He wants to divide them equally among 6 friends. How many mangoes will each friend get?,4
3,division,explains the meaning of division facts by equal grouping/sharing and finds it by repeated subtraction. Divide a 2-digit number by 1-digit number,A teacher has 30 chocolates. She wants to distribute them equally among 5 students. How many chocolates will each student get?,6
3,division,explains the meaning of division facts by equal grouping/sharing and finds it by repeated subtraction. Divide a 2-digit number by 1-digit number,There are 18 pencils that need to be packed equally into 3 boxes. How many pencils will go in each box?,6
3,division,explains the meaning of division facts by equal grouping/sharing and finds it by repeated subtraction. Divide a 2-digit number by 1-digit number,Rohan has 42 marbles. He wants to share them equally with his 7 friends. How many marbles will each friend get?,6
3,division,explains the meaning of division facts by equal grouping/sharing and finds it by repeated subtraction. Divide a 2-digit number by 1-digit number,A fruit seller has 36 apples. He wants to place them equally in 4 baskets. How many apples will be there in each basket?,9
3,division,explains the meaning of division facts by equal grouping/sharing and finds it by repeated subtraction. Divide a 2-digit number by 1-digit number,Meena has 20 bangles. She wants to divide them equally among 4 friends. How many bangles will each friend get?,5
3,division,explains the meaning of division facts by equal grouping/sharing and finds it by repeated subtraction. Divide a 2-digit number by 1-digit number,"There are 24 ladoos to be packed equally into boxes, with 4 ladoos in each box. How many boxes will be needed?",6
3,division,explains the meaning of division facts by equal grouping/sharing and finds it by repeated subtraction. Divide a 2-digit number by 1-digit number,"A carton has 30 bottles of juice. If each box can hold 5 bottles, how many boxes are needed to pack all the bottles?",6
3,division,explains the meaning of division facts by equal grouping/sharing and finds it by repeated subtraction. Divide a 2-digit number by 1-digit number,Ravi has 40 toffees. He wants to divide them equally among 8 friends. How many toffees will each friend get?,5
3,division,explains the meaning of division facts by equal grouping/sharing and finds it by repeated subtraction. Divide a 2-digit number by 1-digit number,"A teacher has 48 pencils. If she gives 6 pencils to each student, how many students will get pencils?",8
3,division,explains the meaning of division facts by equal grouping/sharing and finds it by repeated subtraction. Divide a 2-digit number by 1-digit number,Rohan has 24 chocolates. He wants to distribute them equally among 6 friends. How many chocolates will each friend get?,4
3,division,explains the meaning of division facts by equal grouping/sharing and finds it by repeated subtraction. Divide a 2-digit number by 1-digit number,A shopkeeper has 56 oranges. He packs them into bags with 8 oranges in each. How many bags does he need?,7
3,division,explains the meaning of division facts by equal grouping/sharing and finds it by repeated subtraction. Divide a 2-digit number by 1-digit number,There are 36 chairs to be arranged equally in 4 rows. How many chairs will be there in each row?,9
3,division,explains the meaning of division facts by equal grouping/sharing and finds it by repeated subtraction. Divide a 2-digit number by 1-digit number,A farmer has 54 apples. He wants to put them equally into 9 baskets. How many apples will each basket have?,6
3,division,explains the meaning of division facts by equal grouping/sharing and finds it by repeated subtraction. Divide a 2-digit number by 1-digit number,There are 42 students in a class. They are to be divided equally into 7 groups. How many students will be there in each group?,6
3,fraction,"represents the fractions as half, one fourth, three-fourths and double by using numbers/ numerals",Aman has 10 apples. He gave half of them to his friend. How many apples did he give to his friend?,5
3,fraction,"represents the fractions as half, one fourth, three-fourths and double by using numbers/ numerals",Riya has 14 pencils. She gave half of them to her brother. How many pencils did she give to her brother?,7
3,fraction,"represents the fractions as half, one fourth, three-fourths and double by using numbers/ numerals",There are 20 mangoes in a basket. Raj took half of them. How many mangoes did Raj take?,10
3,fraction,"represents the fractions as half, one fourth, three-fourths and double by using numbers/ numerals",Meena had 18 toffees. She ate half of them. How many toffees did Meena eat?,9
3,fraction,"represents the fractions as half, one fourth, three-fourths and double by using numbers/ numerals",A box has 12 crayons. Ravi used half of them for his drawing. How many crayons did Ravi use?,6
3,fraction,"represents the fractions as half, one fourth, three-fourths and double by using numbers/ numerals",Seema baked 16 cookies. She gave half of them to her friends. How many cookies did Seema give to her friends?,8
3,fraction,"represents the fractions as half, one fourth, three-fourths and double by using numbers/ numerals","Rohan has 5 pencils, and Mohan has double the number of pencils Rohan has. How many pencils does Mohan have?",10
3,fraction,"represents the fractions as half, one fourth, three-fourths and double by using numbers/ numerals","Aman has 4 chocolates, and Rahul has double the number of chocolates Aman has. How many chocolates does Rahul have?",8
3,fraction,"represents the fractions as half, one fourth, three-fourths and double by using numbers/ numerals","Priya has 6 storybooks, and Neha has double the number of storybooks Priya has. How many storybooks does Neha have?",12
3,fraction,"represents the fractions as half, one fourth, three-fourths and double by using numbers/ numerals","Ravi has 7 kites, and Soham has double the number of kites Ravi has. How many kites does Soham have?",14
3,fraction,"represents the fractions as half, one fourth, three-fourths and double by using numbers/ numerals","Anu has 8 bangles, and Tanu has double the number of bangles Anu has. How many bangles does Tanu have?",16
3,fraction,"represents the fractions as half, one fourth, three-fourths and double by using numbers/ numerals","Karan has 9 coins, and Arjun has double the number of coins Karan has. How many coins does Arjun have?",18
3,fraction,"represents the fractions as half, one fourth, three-fourths and double by using numbers/ numerals",Riya has 12 candies. She gave a quarter of them to her friend. How many candies did she give to her friend?,3
3,fraction,"represents the fractions as half, one fourth, three-fourths and double by using numbers/ numerals",A basket has 20 apples. Rahul ate a quarter of them. How many apples did Rahul eat?,5
3,fraction,"represents the fractions as half, one fourth, three-fourths and double by using numbers/ numerals",Meena bought 16 balloons. She gave a quarter of them to her cousin. How many balloons did she give?,4
3,fraction,"represents the fractions as half, one fourth, three-fourths and double by using numbers/ numerals",A box contains 24 chocolates. Aman ate a quarter of them. How many chocolates did Aman eat?,6
3,fraction,"represents the fractions as half, one fourth, three-fourths and double by using numbers/ numerals",Seema had 28 stickers. She gave a quarter of them to her friends. How many stickers did Seema give to her friends?,7
3," 
 	
measurement of length",estimates and measures length and distance using standard units like centimetres or metres or non-standard units like handspans and identifies relationships,Neha's book is 4 handspans long. Her notebook is 3 handspans long. Her pencil box is 2 handspans long. Which item is the shortest?,Pencil box
3," 
 	
measurement of length",estimates and measures length and distance using standard units like centimetres or metres or non-standard units like handspans and identifies relationships,A table is 8 handspans long. A bench is 6 handspans long. A stool is 4 handspans long. Which is the longest in length?,Table
3," 
 	
measurement of length",estimates and measures length and distance using standard units like centimetres or metres or non-standard units like handspans and identifies relationships,A sari is 20 handspans long. A dupatta is 10 handspans long. A scarf is 5 handspans long. Which is the shortest and which is the longest?,"Shortest: Scarf, Longest: Sari"
3," 
 	
measurement of length",estimates and measures length and distance using standard units like centimetres or metres or non-standard units like handspans and identifies relationships,A rope is longer than a measuring tape. A measuring tape is longer than a belt. Which object is the shortest in length?,Belt
3," 
 	
measurement of length",estimates and measures length and distance using standard units like centimetres or metres or non-standard units like handspans and identifies relationships,A train is longer than a bus. A bus is longer than a car. Which vehicle is the shortest in length?,Car
3," 
 	
measurement of length",estimates and measures length and distance using standard units like centimetres or metres or non-standard units like handspans and identifies relationships,"A shelf is 6 handspans long. A drawer below it is 4 handspans long.
How many handspans longer is the shelf?",2 handspans
3," 
 	
measurement of length",estimates and measures length and distance using standard units like centimetres or metres or non-standard units like handspans and identifies relationships,Vikram measures the length of two classrooms using his strides. It takes him 8 strides to walk across Classroom A and 12 strides to walk across Classroom B. Which classroom is longer in terms of Vikram's strides?,Classroom B
3," 
 	
measurement of length",estimates and measures length and distance using standard units like centimetres or metres or non-standard units like handspans and identifies relationships,A mat in the living room is 7 handspans long. A doormat near the door is 4 handspans long. How many more handspans long is the mat compared to the doormat?,3 Handspans
3," 
         
measurement of weight","weighs objects using standard units– grams
and kilograms using simple balance",A watermelon is heavier than a pineapple. A pineapple is heavier than a papaya. Which fruit is the lightest?,Papaya
3," 
         
measurement of weight","weighs objects using standard units– grams
and kilograms using simple balance",A cat is heavier than a rabbit. A rabbit is heavier than a squirrel. Which animal is the lightest?,Squirrel
3," 
         
measurement of weight","weighs objects using standard units– grams
and kilograms using simple balance",A book is heavier than a notebook. A notebook is heavier than a pencil. Which object is the lightest?,Pencil
3," 
 	
measurement of capacity","compares the capacity of different containers
in terms of non standard units or standard units",A jug holds 3 litres of water. A bottle holds 2 litres. A glass holds 1 litre. Which container has the least capacity?,Glass
3," 
 	
measurement of capacity","compares the capacity of different containers
in terms of non standard units or standard units",A bucket holds 10 litres of water. A pot holds 7 litres. A mug holds 2 litres. Arrange them in order from least to greatest capacity.,Mug < Pot < Bucket
3," 
 	
measurement of capacity","compares the capacity of different containers
in terms of non standard units or standard units",Ravi’s bottle can hold more water than Meena’s bottle. Meena’s bottle can hold more than a glass. Which one holds the most water?,Ravi’s bottle
3," 
 	
measurement of capacity","compares the capacity of different containers
in terms of non standard units or standard units",A teapot holds more tea than a cup. The cup holds more than a spoon. Which one holds the most tea?,Teapot
3," 
 	
measurement of capacity","compares the capacity of different containers
in terms of non standard units or standard units",A steel pot can hold 6 cups of water. A clay pot can hold 8 cups. Which pot can hold more water?,Clay pot
3," 
 	
measurement of capacity","compares the capacity of different containers
in terms of non standard units or standard units","Asha wants to fill her flower pot by pouring water using a cup. It takes 15 cups to fill the pot. Her friend Neeraj fills a pot using the same cup, and it takes 22 cups.Whose pot has the larger capacity?",Neeraj's pot
3," 
 	
measurement of capacity","compares the capacity of different containers
in terms of non standard units or standard units",Sita fills a bucket using a mug. She needs 10 mugs of water to fill the bucket. Her brother Raju’s bucket needs 8 mugs to fill. Which bucket has more capacity?,Sita's bucket
3," 
 	
measurement of capacity","compares the capacity of different containers
in terms of non standard units or standard units",Rohan has a jug that can fill 5 glasses of water. His sister Neha has a mug that can fill 2 glasses. Whose container holds less water?,Neha's mug 
3," 
         
measurement of weight","weighs objects using standard units– grams
and kilograms using simple balance",A metal pot is heavier than a plastic bucket. The plastic bucket is heavier than a mug. Arrange them from lightest to heaviest.,Mug < Plastic bucket < Metal pot
3," 
         
measurement of weight","weighs objects using standard units– grams
and kilograms using simple balance",A mango is heavier than a banana. A banana is heavier than a plum. Which fruit is in the middle in terms of weight?,Banana
3," 
         
measurement of weight","weighs objects using standard units– grams
and kilograms using simple balance",A sack of wheat weighs 50 kg. A sack of rice weighs 40 kg. Which one is heavier and by how many kilograms?,Wheat is heavier by 10 kg
3," 
         
measurement of weight","weighs objects using standard units– grams
and kilograms using simple balance","A bag of rice weighs 5 kg, and a sack of wheat weighs 8 kg. Which one is heavier, and by how much?",Sack of wheat is heavier by 3 kg
3," 
         
measurement of weight","weighs objects using standard units– grams
and kilograms using simple balance",Riya bought a packet of biscuits weighing 250 g and a packet of namkeen weighing 500 g. Which packet is heavier?,Namkeen
3,Calendar,identifies a particular day and date on a calendar,Today is January 10. Republic Day in India is celebrated on January 26. How many days are left until Republic Day?,16 days
3,Calendar,identifies a particular day and date on a calendar,A school in Delhi closes for summer vacation on May 15 and reopens on July 1. How many days long is the summer vacation?,47 days
3,Calendar,identifies a particular day and date on a calendar,Amit’s birthday is on 02/04/2015. In which month was he born?,April
3,Calendar,identifies a particular day and date on a calendar,Anil's birthday is on 6/7/2015. How old will Anil be on 6 July 2025?,10 years
3,Calendar,identifies a particular day and date on a calendar,Riya’s school gives holidays for Diwali from November 1 to November 10. How many days does Riya get for her Diwali holidays?,10 days
3,Calendar,identifies a particular day and date on a calendar,A science exhibition begins on January 5 and continues for 12 days. On which date will the exhibition end?,January 16
3,Calendar,identifies a particular day and date on a calendar,"This year, Raksha Bandhan falls on August 19. If today is August 5, how many days are left until Raksha Bandhan?",14 days
3,Calendar,identifies a particular day and date on a calendar,A cricket tournament starts on December 10 and lasts for 18 days. On which date will the tournament end?,December 27
3,Calendar,identifies a particular day and date on a calendar,Riya’s final exams start on March 4 and end on March 15. How many days long is her exam period?,12 days
3,time,reads the time correctly to the hour using a clock/watch,Rahul started doing his homework at 4:30 in the evening. He finished at 5:15 in the evening. How much time did he take to complete his homework?,45 minutes
3,time,reads the time correctly to the hour using a clock/watch,A football match started at 3:20 PM and ended at 4:05 PM. How long did the match last?,45 minutes
3,time,reads the time correctly to the hour using a clock/watch,A cake was placed in the oven at 2:10 PM. It took 35 minutes to bake. At what time was the cake ready?,2:45 PM
3,time,reads the time correctly to the hour using a clock/watch,A school assembly starts at 8:00 AM and ends at 8:25 AM. How long does the assembly last?,25 minutes
3,time,reads the time correctly to the hour using a clock/watch,Kunal started playing at 6:10 PM. He played for 50 minutes. At what time did he stop playing?,7:00 PM
3,time,reads the time correctly to the hour using a clock/watch,Arjun left for school at 7:45 AM. He reached school at 8:20 AM. How much time did he take to reach school?,35 minutes
3,time,reads the time correctly to the hour using a clock/watch,Neha started playing at 3:15 PM and stopped at 4:00 PM. How long did she play?,45 minutes
3,time,reads the time correctly to the hour using a clock/watch,Ramesh started reading a book at 2:10 PM. He finished at 3:00 PM. How much time did he spend reading?,50 minutes
3,time,reads the time correctly to the hour using a clock/watch,Sita started cooking at 5:30 PM and finished at 6:20 PM. How long did she take to cook?,50 minutes
3,time,reads the time correctly to the hour using a clock/watch,Meena started painting at 10:20 AM. She finished at 11:05 AM. How much time did she take to complete her painting?,45 minutes
3,time,reads the time correctly to the hour using a clock/watch,The school assembly started at 8:15 AM and ended at 8:35 AM. How long did the assembly last?,20 minutes
3,Pattern,extends patterns in numbers,"Riya is arranging mangoes in a pattern: 1 mango, 3 mangoes, 5 mangoes, 7 mangoes… How many mangoes will she place next?",9 mangoes
3,Pattern,extends patterns in numbers,"The number of students doing yoga increases like this each day:
8, 12, 16, 20… How many students will there be on the next day?",24
3,Pattern,extends patterns in numbers,"A sequence shows the table of 9:
9, 18, 27, 36, __ What number comes next?",45
3,Pattern,extends patterns in numbers,"A dot pattern grows like this:
1 dot, 2 dots, 4 dots, 8 dots…
If the pattern doubles each time, how many dots come next?",16 dots
3,Pattern,extends patterns in numbers,"A railway coach number pattern goes like this:
101, 103, 105, 107, __
What number should come next?",109
3,Pattern,extends patterns in numbers,"Rani arranges laddoos in a pattern:
1 laddoo, 3 laddoos, 5 laddoos, 7 laddoos…
How many laddoos will she place next?",9 laddoos
3,Pattern,extends patterns in numbers,"Mohan is arranging flowers for a puja:
rose, jasmine, jasmine, rose, jasmine, jasmine…
What is the 7th flower?",rose
3,Pattern,extends patterns in numbers,"A pattern decreases by 5 each time:
75, 70, 65, __, 55
What is the missing number?",60
3,Pattern,extends patterns in numbers,"A domino-style dot pattern grows:
2 dots, 4 dots, 6 dots, 8 dots…
How many dots come next?",10 dots
3,Pattern,extends patterns in numbers,"Fill in the missing number:
90, 80, 70, __, 50",60
3,Calendar,identifies a particular day and date on a calendar,Riya started her summer vacation on 15 May and school reopened on 10 June.How many days long was her vacation?,26 Days
3,Calendar,identifies a particular day and date on a calendar,Independence Day is on 15 August. Raksha Bandhan that year was on 30 August.How many days after Independence Day was Raksha Bandhan?,15 days after
3,Calendar,identifies a particular day and date on a calendar,"Sachin borrowed a library book on 5 August. He must return it after 14 days, not counting the day he borrowed it. What is the return date?",19 August
3,Calendar,identifies a particular day and date on a calendar,Lokesh’s maths project was assigned on 28 March. He completed it in 9 days. On what date did he finish it?,6 April
3,Calendar,identifies a particular day and date on a calendar,Hema started fasting for a festival on 1 October and ended on 10 October. For how many days did she fast?,10 days
3,Calendar,identifies a particular day and date on a calendar,A school reopened after winter break on 3 January. The winter break had lasted 12 days. On which date did the break begin?,22 December
3,Calendar,identifies a particular day and date on a calendar,Vikas resolved to study math every day for 30 days starting from 10 December. On which date will his 30-day plan end?,8 January
3,Calendar,identifies a particular day and date on a calendar,Diwali holidays started on 1 November and ended on 8 November. How many holidays did the students get?,8 days
3,Calendar,identifies a particular day and date on a calendar,The Class 4 picnic was on 26 January (Republic Day). The teacher asked students to submit consent forms 10 days earlier. What was the last date to submit the forms?,16 January
3,Calendar,identifies a particular day and date on a calendar,"Raju’s birthday is on 29 September. His sister Rani’s birthday is 12 days after his.
What is Rani’s birthday?",11 October
4,addition,solves simple daily life problems using addition and subtraction of four digit numbers with and without regrouping,"A library in Delhi has 2,467 Hindi books and 5,312 English books. How many books are there in total?","7,779"
4,addition,solves simple daily life problems using addition and subtraction of four digit numbers with and without regrouping,"A farmer harvested 4,135 kg of wheat in one month and 2,846 kg in the next month. How much wheat did he harvest in total?","6,981 Kg"
4,addition,solves simple daily life problems using addition and subtraction of four digit numbers with and without regrouping,"In a school fair, 7,294 tickets were sold on Saturday and 1,583 tickets on Sunday. How many tickets were sold in total?","8,877"
4,addition,solves simple daily life problems using addition and subtraction of four digit numbers with and without regrouping,"A post office delivered 3,651 letters in the morning and 4,729 letters in the evening. How many letters were delivered in total?","8,380"
4,addition,solves simple daily life problems using addition and subtraction of four digit numbers with and without regrouping,"A shopkeeper sold clothes worth ₹8,042 in the morning and ₹1,937 in the evening. What was the total amount of sales?","₹9,979"
4,addition,solves simple daily life problems using addition and subtraction of four digit numbers with and without regrouping,"Two schools in a town have 6,723 and 2,354 students respectively. How many students are there in total?","9,077"
4,addition,solves simple daily life problems using addition and subtraction of four digit numbers with and without regrouping,"A train travelled 5,891 km in the first week and 4,126 km in the second week. What is the total distance travelled?","10,017"
4,addition,solves simple daily life problems using addition and subtraction of four digit numbers with and without regrouping,"A hospital treated 7,480 patients in January and 3,285 patients in February. How many patients were treated in total?","10,765"
4,subtraction,solves simple daily life problems using addition and subtraction of four digit numbers with and without regrouping,"A school printed 5,432 exam papers. They distributed 3,789 papers to students. How many exam papers are left?","1,643"
4,subtraction,solves simple daily life problems using addition and subtraction of four digit numbers with and without regrouping,"You are given the following number pairs: (248, 193), (415, 289), (130, 78). Find the number pair whose difference is the greatest.","(415, 289)"
4,subtraction,solves simple daily life problems using addition and subtraction of four digit numbers with and without regrouping,"A school had 6,250 students last year. This year, the number dropped to 4,875. How many students have decreased?","1,375"
4,subtraction,solves simple daily life problems using addition and subtraction of four digit numbers with and without regrouping,"A shopkeeper had ₹9,300. He spent ₹4,275 to buy new stock. How much money does he have left?","5,025"
4,subtraction,solves simple daily life problems using addition and subtraction of four digit numbers with and without regrouping,"A school in Delhi had 5,438 students. After some students transferred to other schools, 2,615 students were left. How many students transferred?","2,823"
4,subtraction,solves simple daily life problems using addition and subtraction of four digit numbers with and without regrouping,"A toy factory in Noida made 7,234 toys in January and 3,569 toys in February. How many more toys were made in January?","3,665"
4,subtraction,solves simple daily life problems using addition and subtraction of four digit numbers with and without regrouping,"The Indian Railways had 8,469 employees in a region. After transfers, only 5,124 remained. How many employees were transferred?","3,345"
4,subtraction,solves simple daily life problems using addition and subtraction of four digit numbers with and without regrouping,"A farmer in Punjab harvested 8,042 kg of wheat this year and 6,318 kg last year. How much more wheat did he harvest this year?","1,724 Kg"
4,subtraction,solves simple daily life problems using addition and subtraction of four digit numbers with and without regrouping,"A truck carrying rice from a warehouse in Haryana had 9,508 kg. After deliveries to local shops, only 4,672 kg was left. How much rice was delivered?","4,836 Kg"
4,subtraction,solves simple daily life problems using addition and subtraction of four digit numbers with and without regrouping,"A farmer had 6,700 kg of rice. He sold 3,258 kg in the market. How much rice is left with him?","3,442 Kg"
4,subtraction,solves simple daily life problems using addition and subtraction of four digit numbers with and without regrouping,"A stadium had 5,980 seats. During a cricket match, 4,642 seats were occupied. How many seats were empty?","1,338"
4,subtraction,solves simple daily life problems using addition and subtraction of four digit numbers with and without regrouping,"A truck was carrying 7,150 kg of goods. At the first stop, 2,935 kg were unloaded. How much is still in the truck?","4,215 Kg"
4,subtraction,solves simple daily life problems using addition and subtraction of four digit numbers with and without regrouping,"A textile shop in Surat had 6,731 metres of cloth. After selling some during the festive season, 2,486 metres were left. How much cloth was sold?","4,245"
4,subtraction,solves simple daily life problems using addition and subtraction of four digit numbers with and without regrouping,"A book publisher in Jaipur printed 5,920 books. Out of these, 3,475 books were delivered to stores. How many books are still with the publisher?","2,445"
4,multiplication,multiplies 2 and 3 digit numbers by 1- or 2-digit numbers,A fruit vendor sells 18 apples in a day. How many apples does he sell in 25 days?,450
4,multiplication,multiplies 2 and 3 digit numbers by 1- or 2-digit numbers,A farmer has 28 mango trees. Each tree produces 15 mangoes. How many mangoes does the farmer collect in total?,420
4,multiplication,multiplies 2 and 3 digit numbers by 1- or 2-digit numbers,A school has 125 benches. Each bench has 24 screws. How many screws are used in total?,"3,000"
4,multiplication,multiplies 2 and 3 digit numbers by 1- or 2-digit numbers,A farmer planted 132 rows of mango trees. Each row has 36 trees. How many mango trees did he plant?,"4,752"
4,multiplication,multiplies 2 and 3 digit numbers by 1- or 2-digit numbers,"A book publisher printed 215 books in each batch. If there were 28 batches, how many books were printed in total?","6,020"
4,multiplication,multiplies 2 and 3 digit numbers by 1- or 2-digit numbers,"A construction worker lays 245 bricks in one row. If he lays 7 such rows, how many bricks does he use in total?","1,715"
4,multiplication,multiplies 2 and 3 digit numbers by 1- or 2-digit numbers,A textile mill produces 326 metres of cloth each day. How much cloth is produced in 21 days?,"6,846"
4,multiplication,multiplies 2 and 3 digit numbers by 1- or 2-digit numbers,"A bus has 45 seats. If there are 12 buses, how many people can sit in total?",540
4,multiplication,multiplies 2 and 3 digit numbers by 1- or 2-digit numbers,A vegetable seller sells 34 kg of potatoes in a day. How many kilograms of potatoes does he sell in 22 days?,748 Kg
4,multiplication,multiplies 2 and 3 digit numbers by 1- or 2-digit numbers,"A truck can carry 175 sacks of rice. If 19 trucks are used, how many sacks can be transported?","3,325"
4,multiplication,multiplies 2 and 3 digit numbers by 1- or 2-digit numbers,"A toy costs ₹125. If Rohan buys 4 such toys, how much does he have to pay in total?",500
4,multiplication,multiplies 2 and 3 digit numbers by 1- or 2-digit numbers,A bus travels 238 km in a day. How many kilometers will it travel in 7 days?,"1,666 km"
4,multiplication,multiplies 2 and 3 digit numbers by 1- or 2-digit numbers,"A book has 312 pages. If Rahul reads 5 pages every day, how many pages will he read in 6 days?",30
4,multiplication,multiplies 2 and 3 digit numbers by 1- or 2-digit numbers,A school bus carries 135 students in one trip. How many students will it carry in 8 trips?,"1,080"
4,division,divides a number by another number using different methods like – equal grouping or repeated subtraction and by using inter-relationship between division and multiplication. Divide 3-digit number by 1-digit or 2-digit numbers,"A school has 864 students. If they are divided equally into 8 sections, how many students will be in each section?",108
4,division,divides a number by another number using different methods like – equal grouping or repeated subtraction and by using inter-relationship between division and multiplication. Divide 3-digit number by 1-digit or 2-digit numbers,A farmer has 432 apples. He packs them equally into 9 baskets. How many apples are there in each basket?,48
4,division,divides a number by another number using different methods like – equal grouping or repeated subtraction and by using inter-relationship between division and multiplication. Divide 3-digit number by 1-digit or 2-digit numbers,There are 438 children going on a school trip. Each bus can take 41 children. How many buses will be fully filled and how many children will be left for the next bus?,"10 , 28 "
4,division,divides a number by another number using different methods like – equal grouping or repeated subtraction and by using inter-relationship between division and multiplication. Divide 3-digit number by 1-digit or 2-digit numbers,A wholesaler has 502 kg of rice. He wants to pack it in bags of 45 kg each. How many full bags can he pack and how much rice will be left?,"11 , 7 kg "
4,division,divides a number by another number using different methods like – equal grouping or repeated subtraction and by using inter-relationship between division and multiplication. Divide 3-digit number by 1-digit or 2-digit numbers,"A factory produces 252 toys in a day. If the toys are packed into 6 boxes equally, how many toys are in each box?",42
4,division,divides a number by another number using different methods like – equal grouping or repeated subtraction and by using inter-relationship between division and multiplication. Divide 3-digit number by 1-digit or 2-digit numbers,"A truck carries 432 kg of rice. If the rice is packed into 3 sacks equally, how many kg of rice is in each sack?",144 Kg
4,division,divides a number by another number using different methods like – equal grouping or repeated subtraction and by using inter-relationship between division and multiplication. Divide 3-digit number by 1-digit or 2-digit numbers,"A factory produces 4,50 biscuits and packs 10 biscuits in each packet. How many packets are made?",45
4,division,divides a number by another number using different methods like – equal grouping or repeated subtraction and by using inter-relationship between division and multiplication. Divide 3-digit number by 1-digit or 2-digit numbers,Rita has ₹ 200 in ₹10 notes. How many ₹10 notes does she have?,20
4,division,divides a number by another number using different methods like – equal grouping or repeated subtraction and by using inter-relationship between division and multiplication. Divide 3-digit number by 1-digit or 2-digit numbers,"A bookshop received 1,80 pens. If each box contains 10 pens, how many boxes did the shop receive?",18
4,division,divides a number by another number using different methods like – equal grouping or repeated subtraction and by using inter-relationship between division and multiplication. Divide 3-digit number by 1-digit or 2-digit numbers,A school has 240 students and wants to divide them equally into 30 classrooms. How many students will be in each classroom?,8
4,division,divides a number by another number using different methods like – equal grouping or repeated subtraction and by using inter-relationship between division and multiplication. Divide 3-digit number by 1-digit or 2-digit numbers,A shopkeeper has 396 chocolates. He packs them equally into 22 boxes. How many chocolates go into each box?,18
4,division,divides a number by another number using different methods like – equal grouping or repeated subtraction and by using inter-relationship between division and multiplication. Divide 3-digit number by 1-digit or 2-digit numbers,A farmer harvested 560 kg of potatoes and packed them equally in 20 bags. How many kg of potatoes are in each bag?,28 kg
4,division,divides a number by another number using different methods like – equal grouping or repeated subtraction and by using inter-relationship between division and multiplication. Divide 3-digit number by 1-digit or 2-digit numbers,A factory produces 672 bottles of juice and packs them equally in 28 cartons. How many bottles are in each carton?,24
4,division,divides a number by another number using different methods like – equal grouping or repeated subtraction and by using inter-relationship between division and multiplication. Divide 3-digit number by 1-digit or 2-digit numbers,A sweet shop has 458 laddoos and wants to pack them in boxes of 36. How many full boxes can be packed and how many laddoos will be left?,"12 full boxes, 26 laddoos"
4,division,divides a number by another number using different methods like – equal grouping or repeated subtraction and by using inter-relationship between division and multiplication. Divide 3-digit number by 1-digit or 2-digit numbers,A farmer has 487 oranges. He wants to put them into baskets with 36 oranges in each. How many full baskets can he make and how many oranges will be left?,"13 full baskets, 19 oranges "
4,division,divides a number by another number using different methods like – equal grouping or repeated subtraction and by using inter-relationship between division and multiplication. Divide 3-digit number by 1-digit or 2-digit numbers,A bookshop received 521 pens. They are packed into boxes of 48 pens each. How many full boxes can be packed and how many pens will be left?,"10 full boxes, 41 pens "
4,fraction,finds the number corresponding to part of a collection,A fruit vendor has 90 apples. He sells 1/3 of them by the evening. How many apples are left?,60
4,fraction,finds the number corresponding to part of a collection,A cake is divided into 5 equal parts. Riya eats 2/5 of the cake. What fraction of the cake is left?,3/5
4,fraction,finds the number corresponding to part of a collection,A water tank holds 90 liters of water. Ramesh used 2/3 of the water for washing. How many liters of water did he use? How many liters are left?,"60,30"
4,fraction,finds the number corresponding to part of a collection,A basket has 45 mangoes. Neha took 2/5 of them to make mango juice. How many mangoes did she take? How many are left in the basket?,"18, 27"
4,fraction,finds the number corresponding to part of a collection,A bakery baked 30 cakes. A customer bought 2/3 of them. How many cakes did the customer buy? How many cakes are still left in the bakery?,"20,10"
4,fraction,finds the number corresponding to part of a collection,A classroom has 60 seats. 3/5 of them are occupied by students. How many seats are occupied? How many seats are still empty?,"36, 24"
4,fraction,finds the number corresponding to part of a collection,A box has 40 chocolates. Rahul gave 2/5 of them to his friends. How many chocolates did he give?,16
4,fraction,finds the number corresponding to part of a collection,Asha made 12 rotis for dinner. Her family ate 2/3 of them. How many rotis are left?,4
4,fraction,finds the number corresponding to part of a collection,"A watermelon weighs 9 kg. If Ramesh cuts 1/3 of it, what is the weight of the piece he cuts?",3 kg
4,fraction,finds the number corresponding to part of a collection,There are 60 mangoes in a basket. 2/3 of them are ripe. How many mangoes are ripe? How many are not ripe?,"40, 20"
4,fraction,finds the number corresponding to part of a collection,Rohan has 56 marbles. He gave 2/7 of them to his friends. How many marbles did he give? How many marbles are left?,"16, 40"
4,fraction,finds the number corresponding to part of a collection,A shop has 36 notebooks. 2/9 of them are blue. How many notebooks are blue? How many are not blue?," 8, 28"
4,fraction,finds the number corresponding to part of a collection,Seema ate 1/5 of a chocolate bar in the morning and 2/5 in the afternoon. What fraction of the chocolate bar did she eat in total?,3/5
4,fraction,finds the number corresponding to part of a collection,"Priya wants to buy a toy that costs ₹ 6. She has three ₹ 1 coins, one ₹ 2 coin, and two ₹ 1/2 coins. Does she have enough money?",Yes
4,fraction,finds the number corresponding to part of a collection,Ravi read 2/6 of a book on Monday and 3/6 on Tuesday. What fraction of the book did he read in total?,5/6
4," 
 	
measurement","solves problem involving daily life situations related to length, distance, weight, volume and time involving four basic arithmetic operations",How many 1 ml droppers will fill a 10 ml dosing cup?,10 droppers
4," 
 	
measurement","solves problem involving daily life situations related to length, distance, weight, volume and time involving four basic arithmetic operations", how many 10 ml dosing cups will fill a 250 ml glass?,25 cups
4," 
 	
measurement","solves problem involving daily life situations related to length, distance, weight, volume and time involving four basic arithmetic operations","A factory fills 500 mL juice bottles. If they fill 200 bottles in a day, how many litres of juice do they use?",100 L
4," 
 	
measurement","solves problem involving daily life situations related to length, distance, weight, volume and time involving four basic arithmetic operations",How many 100 g sugar packets are needed to balance one 500 g sugar packet?,5 packets
4," 
 	
measurement","solves problem involving daily life situations related to length, distance, weight, volume and time involving four basic arithmetic operations",How many 500g packets are in 10 kg?,20 packets
4," 
 	
measurement","solves problem involving daily life situations related to length, distance, weight, volume and time involving four basic arithmetic operations","If one packet of daal weighs 250 g, how many packets are needed to match a 750 g sack?",3 packets
4," 
 	
measurement","solves problem involving daily life situations related to length, distance, weight, volume and time involving four basic arithmetic operations","if an eraser weights 10 g, how many erasers will weigh the same as a 50 g Haldi packet?",5 erasers
4," 
 	
measurement","solves problem involving daily life situations related to length, distance, weight, volume and time involving four basic arithmetic operations","A 250 g rice packet will weigh the same as how many erasers, if one eraser weighs 10 g?",25 erasers
4," 
 	
measurement","solves problem involving daily life situations related to length, distance, weight, volume and time involving four basic arithmetic operations","A shop sells 100 g of tea leaves in each packet. If a customer buys 15 such packets, what is the total weight in kilograms and grams?", 1 kg 500g
4,measurement of length,converts metre into centimetre and vice versa,A shelf is 3 metres long. Raju wants to cover its edge using decorative tape that is 25 centimetres long. How many pieces of the tape does he need?, 12 pieces
4," 
 	
measurement","solves problem involving daily life situations related to length, distance, weight, volume and time involving four basic arithmetic operations",The edge of a classroom blackboard is 300 centimetres long. Rahul has chalk strips that are 60 cm each. How many chalk strips will he need to outline the board?,5 strips
4,measurement of length,converts metre into centimetre and vice versa,Ram and Sham are of same height and are using a measuring tape to measure their own height. Ram reads his height as 120 cm. Sham reads his height as 1 metre 20 centimetres.Who is correct?,Both 
4,measurement of length,converts metre into centimetre and vice versa,The length of a board is 2 metres. Sonu has a decorative border sticker that is 20 cm long. How many such stickers are needed to cover the entire length of the board?,10 stickers
4,measurement of length,converts metre into centimetre and vice versa,"A rope is 5 metres long. If each small section measures 25 centimetres, how many sections can be made?",20
4,measurement of length,converts metre into centimetre and vice versa,A rope is 20 m long. A carpenter cuts 8 m 35 cm of the rope. How much rope is left?, 11 m 65 cm
4," 
 	
measurement","solves problem involving daily life situations related to length, distance, weight, volume and time involving four basic arithmetic operations","A roll of wire is 900 cm long. If it is cut into 9 equal pieces, what is the length of each piece?",100 cm
4,measurement of length,converts metre into centimetre and vice versa,A tailor needs 3 m 40 cm of cloth to make one curtain. How much cloth does he need for 5 curtains?,17 m
4,measurement of length,converts metre into centimetre and vice versa,Neha is helping her father measure the length of a wooden plank. The plank is 2 meters long. She needs to cut it into 4 equal pieces. What will be the length of each piece?,0.5 m
4,time,calculates time intervals/ duration of familiar daily life events by using forward or backward counting/ addition and subtraction,The hour hand is at 6. How many hours will it take to reach 6 again?,12 hours
4,time,calculates time intervals/ duration of familiar daily life events by using forward or backward counting/ addition and subtraction,A train departs from the station at 9:45 AM and reaches its destination after 3 hours 20 minutes. At what time does it reach?,1:05 PM
4,time,calculates time intervals/ duration of familiar daily life events by using forward or backward counting/ addition and subtraction,Seema started watching a movie at 6:00 PM. The movie ended at 8:15 PM. How long was the movie?,2 hours 15 minutes
4,time,reads clock time in hour and minutes and expresses the time in a.m. and p.m.,How many minutes are in one quarter (¼) of an hour?,15 minutes
4,time,reads clock time in hour and minutes and expresses the time in a.m. and p.m.,A music lesson lasts for 45 minutes. How many quarters of an hour is that?,3 quarters
4,time,reads clock time in hour and minutes and expresses the time in a.m. and p.m.,"Riya's Grandfather takes a walk every morning at 6:00 a.m. If he walks for half an hour, at what time does he return home?",6:30 a.m
4,time,reads clock time in hour and minutes and expresses the time in a.m. and p.m.,Priya leaves home for tuition at 4:00 p.m. It takes her half an hour to reach. What time does she reach tuition class?,4:30 p.m
4,time,reads clock time in hour and minutes and expresses the time in a.m. and p.m.,Aman begins breakfast at 7:15 a.m. He eats for a quarter hour. When does he finish?,7:30 a.m
4,time,reads clock time in hour and minutes and expresses the time in a.m. and p.m.,Ananya begins helping her mother at 11:00 a.m. She helps for a half hour. What time does she finish?,11:30 a.m
4,time,reads clock time in hour and minutes and expresses the time in a.m. and p.m.,A storytelling session starts at 5:30 p.m. It goes on for a quarter hour. When does it end?,5:45 p.m
4,time,reads clock time in hour and minutes and expresses the time in a.m. and p.m.,Meera starts reading at 4:30 p.m. She reads for a half hour. What time does she stop?,5:00 p.m
4,time,"relates to 24 hr clock with respect to 12 hr 
clock",Riya's train leaves at 3:45 PM. What is the departure time in 24-hour format?,15:45
4,time,"relates to 24 hr clock with respect to 12 hr 
clock",A movie starts at 7:30 PM. What time will it be in 24-hour clock format?,19:30
4,time,"relates to 24 hr clock with respect to 12 hr 
clock",An airplane lands at 18:20. What is the landing time in 12-hour format?,6:20 PM
4,time,"relates to 24 hr clock with respect to 12 hr 
clock",The metro in Delhi arrives at 20:10. What time is this on the 12-hour clock?,08:10 PM
4,time,"relates to 24 hr clock with respect to 12 hr 
clock",A train from Mumbai departs at 11:20 PM. What is the departure time on a 24-hour clock?,23:20
4,time,"relates to 24 hr clock with respect to 12 hr 
clock",A cricket match on TV begins at 18:45. What is the time in 12-hour format?,06:45 PM
4,time,"relates to 24 hr clock with respect to 12 hr 
clock",A children’s show on TV starts at 17:25. Convert this to the 12-hour clock.,05:25 PM
4,time,"relates to 24 hr clock with respect to 12 hr 
clock",Muskan reaches her dance class at 3:05 PM. Write this time in 24-hour format.,15:05
4,time,calculates time intervals/ duration of familiar daily life events by using forward or backward counting/ addition and subtraction,Riya took a train from Delhi at 7:45 AM and reached Agra at 10:15 AM. How long was her journey?,2 hours 30 minutes
4,time,calculates time intervals/ duration of familiar daily life events by using forward or backward counting/ addition and subtraction,Sneha’s school starts at 9:15 AM and ends at 2:45 PM. How many hours and minutes does she spend in school?,5 hours 30 minutes
4,time,calculates time intervals/ duration of familiar daily life events by using forward or backward counting/ addition and subtraction,A football match started at 4:45 PM and ended at 6:15 PM. How long did the match last?,1 hour 30 minutes
4,time,calculates time intervals/ duration of familiar daily life events by using forward or backward counting/ addition and subtraction,Ravi left home for school at 7:30 AM. He reached school at 8:10 AM. How long did Ravi take to reach school?,40 minutes
4,time,calculates time intervals/ duration of familiar daily life events by using forward or backward counting/ addition and subtraction,Anita began reading her storybook at 3:20 PM. She read for 45 minutes. At what time did she stop reading?,4:05 PM
4,data handling,"represents the collected information in 
tables and bar graphs and draws inferences 
from these","Riya wanted to find out the favourite fruits of her classmates. She asked 20 students in her class and noted down their choices. She found that 6 students liked mangoes, 5 liked bananas, 4 liked apples, 3 liked grapes, and 2 liked oranges. Based on this information, which fruit was liked by the most number of students? Also, how many students liked mangoes and bananas together?","Mangoes, 11"
4,data handling,"represents the collected information in 
tables and bar graphs and draws inferences 
from these","The number of books read by five students in the month of July.  Aman read 5 books, Neha read 8, Rishi read 3, Kavya read 6, and Tarun read 4 books. Based on this data, answer the following questions: Who read the most books? Who read the least? How many more books did Neha read than Tarun?","Neha, Rishi, 4"
4,data handling,"represents the collected information in 
tables and bar graphs and draws inferences 
from these","During the school’s annual sports day, the students were asked about their favourite sport. The results were as follows: 12 students liked cricket, 9 liked football, 6 liked badminton, 5 liked kho-kho, and 8 liked kabaddi. Find out which sport is the most popular. If cricket, football, kho-kho, and kabaddi are outdoor games, find the total number of students who preferred outdoor games."," Cricket, 34"
4,data handling,"represents the collected information in 
tables and bar graphs and draws inferences 
from these","Rahul’s father runs a dairy shop. One week, he noted the number of milk packets sold from Monday to Friday. The dairy sold 35 packets on Monday, 40 on Tuesday, 30 on Wednesday, 45 on Thursday, and 50 on Friday. On which day were the most packets sold? What was the total number of milk packets sold during the week?"," Friday, 200"
4,data handling,"represents the collected information in 
tables and bar graphs and draws inferences 
from these","Anita is in charge of collecting lunch order counts for different days in her school canteen. She recorded the number of thalis sold each day from Monday to Friday: 25 on Monday, 30 on Tuesday, 20 on Wednesday, 35 on Thursday, and 40 on Friday. On which day were the fewest thalis sold? What is the total number of thalis sold during the week?","Wednesday, 150"
4,data handling,"represents the collected information in 
tables and bar graphs and draws inferences 
from these","A book fair was held in a school for 5 days. The number of books sold each day was: 60 on Monday, 75 on Tuesday, 50 on Wednesday, 80 on Thursday, and 90 on Friday. Which day had the highest book sales? Which two days had the least difference in sales? What is the total number of books sold during the fair?"," Friday, Tuesday & Thursday, 355"
4,data handling,"represents the collected information in 
tables and bar graphs and draws inferences 
from these","In an inter-school art competition, five schools participated and the number of prizes each won was recorded. Lotus Public School won 22 prizes, Green Valley School won 18, Sunrise School won 25, Hill View School won 14, and Bright Future School won 19. Which school won the most prizes?  What is the total number of prizes won by all schools?"," Sunrise School, 98"
4,data handling,"represents the collected information in 
tables and bar graphs and draws inferences 
from these","A city-level science quiz was held, and the scores of five participating teams were recorded. Team A scored 30 points, Team B scored 24, Team C scored 28, Team D scored 18, and Team E scored 26. Which team scored the highest? Which teams scored more than 25 points? What is the total score of all the teams combined?","Team A, Team A and Team C and Team E, 126"
4,data handling,"represents the collected information in 
tables and bar graphs and draws inferences 
from these","An animal shelter kept a record of the number of different animals adopted in a month. The data showed that 12 dogs, 9 cats, 6 rabbits, 4 parrots, and 3 turtles were adopted. Which animal was adopted the most? Which two animals had the lowest adoption numbers? How many animals were adopted in total?","Dogs, Parrots & Turtles, 34"
4,data handling,"represents the collected information in 
tables and bar graphs and draws inferences 
from these","During a class survey, students were asked about their favourite festival. The responses were: 14 students chose Diwali, 10 chose Holi, 8 chose Eid, 6 chose Christmas, and 2 chose Pongal. Which festival was the most popular? Which festival got the least votes? What is the difference between the most and least voted festivals?","Diwali, Pongal, 12"
4,data handling,"represents the collected information in 
tables and bar graphs and draws inferences 
from these","A grocery store sold different quantities of grains in a week. The sales were as follows: 45 kg of rice,30 kg of wheat,20 kg of maize,25 kg of barley,15 kg of millet. Which grain was sold the most? Which two items together make exactly 50 kg of sales? What is the total quantity of all items sold?"," Rice, Wheat & Maize, 135 kg"
4,data handling,"represents the collected information in 
tables and bar graphs and draws inferences 
from these","Arjun saves money every month. In January, he saved ₹200, in February ₹250, in March ₹300, and in April ₹150. Based on this data, answer the following questions:What is Arjun's total savings for the four months? In which month did Arjun save the most?","₹900, March"
4,measurement of length,converts metre into centimetre and vice versa,A ribbon is 95 centimetres long. What is its length in metres?,0.95 m
4,measurement of length,converts metre into centimetre and vice versa,A cloth measures 345 centimetres in length. What is its total length in metres?,3m 45 cm
4,measurement of length,converts metre into centimetre and vice versa,"A pencil is 18 cm 5 mm long. After sharpening, it becomes 14 cm 9 mm long. How much length is reduced?",3cm 6mm
4,measurement of length,converts metre into centimetre and vice versa,"A stick measures 5 metres, and a cap attached to it adds another 45 centimetres. What is the total length of the stick in centimetres?",545cm
4,measurement of length,converts metre into centimetre and vice versa,A table is 120 cm long. Convert this length into meters.,1.20m
4,measurement of length,converts metre into centimetre and vice versa,A nail is 75 millimetres long. What is its length in centimetres?,7.5 cm
4,measurement of length,converts metre into centimetre and vice versa,A shoelace is 340 millimetres long. What is the length in centimetres?,34 cm
4,measurement of length,converts metre into centimetre and vice versa,The width of a small notebook is 120 millimetres. What is it in centimetres?,12 cm
4,measurement of length,converts metre into centimetre and vice versa,Convert 99 centimetres into metres.,0.99 m
4,measurement of length,converts metre into centimetre and vice versa,What does 0.9 cm mean? It is the same as how many millimetres?,9 mm
4,measurement of length,converts metre into centimetre and vice versa,A ribbon is 150 cm long. How many millimeters long is the ribbon?,1500 mm
4,measurement of length,converts metre into centimetre and vice versa,A piece of cloth measures 500 mm in length. How many centimeters long is the cloth?,50 cm
4,measurement of length,converts metre into centimetre and vice versa,A pencil is 150 millimeters long. How many centimeters long is the pencil?,15 cm
4,measurement of length,converts metre into centimetre and vice versa,Convert 1 metre and 5 centimetres into metres.,1.05 m
5,fraction,identifies and forms equivalent fractions of a given fraction,Meena cut a ribbon into 8 equal parts and used 4/8 of it to decorate her school project. What other fraction shows the same amount of ribbon she used?,1/2
5,fraction,identifies and forms equivalent fractions of a given fraction,"Identify the equivalent fraction to 5/10.
1/2
2/5
3/6
4/10",1/2
5,fraction,identifies and forms equivalent fractions of a given fraction,"Arjun read 2/6 of his storybook in the morning. Which fraction shows the same amount he read?
1/3
3/6
4/6
1/2",1/3
5,fraction,identifies and forms equivalent fractions of a given fraction,"Which of the following pairs of fractions are equivalent?
1/2 and 2/5
3/4 and 6/8
2/3 and 4/9
1/5 and 3/10",3/4 and 6/8
5,fraction,identifies and forms equivalent fractions of a given fraction,"Riya ate 2/4 of a dosa. Which fraction shows the same amount?
1/2
2/6
3/8
1/3",1/2
5,fraction,identifies and forms equivalent fractions of a given fraction,"Saanya used 4/8 of a ribbon for her craft. Which fraction shows the same amount?
1/4
3/4
1/2
2/3",1/2
5,fraction,identifies and forms equivalent fractions of a given fraction,"A train has completed 8/16 of a journey. Which fraction represents the same?
 3/4
1/2
2/3
5/8",1/2
5,fraction,identifies and forms equivalent fractions of a given fraction,"Which fraction is equivalent to 4/16?
1/8
2/8
3/8
1/4",1/4
5,fraction,identifies and forms equivalent fractions of a given fraction,"Which of these is equivalent to 9/12?
3/4
2/3
1/2
4/6",3/4
5,fraction,compares fractions,Ravi and Mohan shared a plate of jalebis. Ravi ate 2/5 of the jalebis and Mohan ate 3/5.Who ate more?,Mohan
5,fraction,compares fractions,"Asha filled her water bottle during recess.In the morning she filled 1/2 of the bottle, and in the afternoon she filled 3/4 of it. Which amount is greater?",3/4
5,fraction,compares fractions,"At a school lunch, Priya drank 3/8 of a glass of buttermilk, while her friend Anika drank 1/2. Who drank more?",Anika
5,fraction,compares fractions,"In a laddoo-making competition, Group A made 4/8 of the total laddoos and Group B made 5/8. Which group made more laddoos?",Group B
5,fraction,compares fractions,"Two classes participated in a cleanliness drive. Class 5A cleaned 3/5 of their area, while Class 5B cleaned 4/7. Which class cleaned more?",5A
5,fraction,compares fractions,"While playing kho-kho, Team A won 4/10 of the matches in a series and Team B won 3/10. Which team won a bigger fraction of matches?",Team A
5,fraction,compares fractions,"In an art class, Veer coloured 3/6 of a mandala, and Reema coloured 4/6 of hers. Who coloured more?",Reema 
5,fraction,compares fractions,"Two classes participated in a cleanliness drive.Class 5A cleaned 5/7 of their area, while Class 5B cleaned 4/7. Which class cleaned more?",5A
5,fraction,solves problems on daily life situations involving fractions,Ayesha drank 1/3 litre of mango juice in the morning and 2/3 litre in the evening.How much juice did she drink in all?,1 litre
5,fraction,solves problems on daily life situations involving fractions,"A shopkeeper cut a bar of chocolate into 8 equal pieces. Rohan ate 3/8
of the chocolate.How many pieces did he eat?",3
5,fraction,solves problems on daily life situations involving fractions,Meena has a ribbon 2 metres long. She used 3/5 of it to tie her hair.How much ribbon did she use?,1m 20cm
5,fraction,solves problems on daily life situations involving fractions,A bucket can hold 20 litres of water. It is filled up to 3/4. How many litres of water are in the bucket?,15 litres
5,measurement ,"applies the four fundamental arithmetic operations in solving problems involving money, length, mass, capacity and time intervals",Ms. Anjali wants to divide 3 litres of shampoo into bottles of 500 ml each. How many bottles will she get?,6 bottles
5,measurement ,"applies the four fundamental arithmetic operations in solving problems involving money, length, mass, capacity and time intervals",Ramesh bought 2 litres of milk in the morning. He used 750 mL to make tea and 500 mL for cooking. How much milk is left?,750 mL
5,measurement ,"applies the four fundamental arithmetic operations in solving problems involving money, length, mass, capacity and time intervals",Mr. Rajesh wants to pack 1 litre of orange juice into 50 ml bottles. How many bottles will he need for the whole quantity?,20 bottles
5,measurement ,"applies the four fundamental arithmetic operations in solving problems involving money, length, mass, capacity and time intervals",Meera buys 1 L 250 mL of milk in the morning and 750 mL in the evening. How much milk does she buy in total in a day?,2 L 
5,measurement ,"applies the four fundamental arithmetic operations in solving problems involving money, length, mass, capacity and time intervals","A shopkeeper has 5 L of cooking oil. He fills small bottles, each containing 500 mL of oil. How many bottles can he fill?",10 bottles
5,measurement ,"applies the four fundamental arithmetic operations in solving problems involving money, length, mass, capacity and time intervals",Mr. Verma wants to pack 2 litres of rose water using bottles of 250 ml each. How many bottles will he need?,8 bottles
5,measurement ,"applies the four fundamental arithmetic operations in solving problems involving money, length, mass, capacity and time intervals","A bucket holds 15 litres of water. If a leaking tap adds 1 litre 250 ml of water every hour, how much water will it collect in 6 hours?",7500 mL
5,measurement ,"applies the four fundamental arithmetic operations in solving problems involving money, length, mass, capacity and time intervals",A 2-litre juice bottle is shared among 4 friends. Each friend gets 500 mL. How much juice is left after everyone gets their share?,0 mL 
5,measurement ,"applies the four fundamental arithmetic operations in solving problems involving money, length, mass, capacity and time intervals",How many 100 ml bottles will fill a 1 l bottle?,10 bottles
5,measurement ,"applies the four fundamental arithmetic operations in solving problems involving money, length, mass, capacity and time intervals",Mr. Suresh wants to pack 2 litres of lemon drink into 200 ml bottles. How many bottles will he need?, 10 bottles
5,measurement ,"applies the four fundamental arithmetic operations in solving problems involving money, length, mass, capacity and time intervals",How many 250 ml bottles will fill a 1 l bottle?,4 bottles
5,measurement ,"applies the four fundamental arithmetic operations in solving problems involving money, length, mass, capacity and time intervals",How many 500 ml bottles will fill a 1 l bottle?,2 bottles
5,measurement ,"applies the four fundamental arithmetic operations in solving problems involving money, length, mass, capacity and time intervals","If one sugar packet weighs 250 g, how many such packets are needed to make 1 kg of sugar?",4 packets
5,measurement ,"applies the four fundamental arithmetic operations in solving problems involving money, length, mass, capacity and time intervals",How many 500 g packets are there in 5 kg?, 10 packets
5,measurement ,"applies the four fundamental arithmetic operations in solving problems involving money, length, mass, capacity and time intervals",Mr. Das wants to pack 1 kg of sweets using boxes of 500 g each. How many boxes will he need?, 2 boxes
5,measurement ,"applies the four fundamental arithmetic operations in solving problems involving money, length, mass, capacity and time intervals",Mr. Shrinathan has to pack 10 kg of sweets using 250 g boxes. How many boxes will he need?,40 packets
5,measurement ,"applies the four fundamental arithmetic operations in solving problems involving money, length, mass, capacity and time intervals",A box of mangoes weighs 3 kg 750 g. Another box weighs 4 kg 250 g. What is the total weight of both boxes?,8 kg
5,measurement ,"applies the four fundamental arithmetic operations in solving problems involving money, length, mass, capacity and time intervals","If one packet of daal weighs 250 g, how many packets are needed to match a 1 kg sack?",4 packets
5,measurement ,"applies the four fundamental arithmetic operations in solving problems involving money, length, mass, capacity and time intervals",A spice jar weighs 200 g. How many such jars will weigh the same as a 1 kg carton?,5 jars
5,fraction,solves problems on daily life situations involving fractions,Shanaya read 2/5 of her book on Saturday and 1/5 on Sunday. What fraction of the book did she read in total?,3/5
5,fraction,solves problems on daily life situations involving fractions,"During a cricket match, Viraj scored 1/2 of his runs in boundaries. If he scored 48 runs in total, how many runs were from boundaries?",24
5,fraction,solves problems on daily life situations involving fractions,Ritika walked 3/4  km to reach her tuition and 1/4 km more to reach the market.What distance did she walk in total?,1km
5,fraction,solves problems on daily life situations involving fractions,"Riya filled 7/10 of a bottle with lemonade. If the bottle’s capacity is 1 litre, how much lemonade is in the bottle?",700ml
5,counting,Reads and writes numbers bigger than 1000 being used in her/his  surroundings ,"A railway station counted 2,346 passengers using a particular platform in a day. Round this number to the nearest 1,000.","2,000"
5,counting,Reads and writes numbers bigger than 1000 being used in her/his  surroundings ,"Which number is the greatest? 4,50,720; 4,05,702; 4,57,200; 4,75,002","4,75,002"
5,counting,Reads and writes numbers bigger than 1000 being used in her/his  surroundings ,"Which number is the smallest? 8,70,540; 8,07,450; 8,70,504; 8,75,040","8,07,450"
5,counting,Reads and writes numbers bigger than 1000 being used in her/his  surroundings ,"Which number is bigger in these two number: 3,48,900 or 3,84,900?","3,84,900"
5,counting,Reads and writes numbers bigger than 1000 being used in her/his  surroundings ,"Using the digits 2, 5, 7, 9, form the largest 4-digit number possible.","9,752"
5,counting,Reads and writes numbers bigger than 1000 being used in her/his  surroundings ,"The number on a train ticket is 4,783. By interchanging any one digits, form a number greater than 7,000 and less than 8000.","7,483"
5,counting,Reads and writes numbers bigger than 1000 being used in her/his  surroundings ,"Form a five-digit number using 1, 4, 7, 8, 9 such that the number is closest to 50,000.","49,871"
5,counting,Reads and writes numbers bigger than 1000 being used in her/his  surroundings ,"A traffic camera records how many vehicles pass on a highway every 10 minutes. The counts increase as follows: 5,420 vehicles, then 6,030 vehicles, then 6,640 vehicles. Based on this pattern, what do you think the next vehicle count would be?","7,250"
5,counting,Reads and writes numbers bigger than 1000 being used in her/his  surroundings ,"A school in Bengaluru printed 4,873 answer sheets. Round this number to the nearest 100.","4,900"
5,counting,Reads and writes numbers bigger than 1000 being used in her/his  surroundings ,"A warehouse in Chennai stored 12,431 cartons of goods. Round this number to the nearest 10.","12,430"
5,factor and multiples,Find factors and multiples to solve practical problems,"If the cat starts from the 5th step and jumps five steps at a time, and the mouse starts from the 8th step and jumps four steps at a time, will they ever land on the same step?","Yes, at step 20."
5,factor and multiples,Find factors and multiples to solve practical problems,A number is divisible by both 4 and 6. What is the smallest number that satisfies this condition?,12 is smallest 
5,factor and multiples,Find factors and multiples to solve practical problems,"There is a walking track in Raju's school. To decorate it, three types of flags are placed along the track — one every 4 feet, one every 6 feet, and one every 8 feet. What is the shortest length of the track where all three types of flags will appear together for the first time?",24 feet.
5,factor and multiples,Find factors and multiples to solve practical problems,What are all the factors of 24?," 1, 2, 3, 4, 6, 8, 12, 24"
5,factor and multiples,Find factors and multiples to solve practical problems,"What is the smallest common multiple of 4,5 and 6?", 60
5,factor and multiples,Find factors and multiples to solve practical problems,"A fruit seller has 24 apples and 36 oranges. He wants to pack them into identical baskets, with each basket having the same number of apples and oranges. What is the greatest number of baskets he can make?", 12 
5,factor and multiples,Find factors and multiples to solve practical problems,"A school bell rings every 15 minutes. If it first rang at 8:00 AM, at what times will it ring again in the next 2 hours?"," 8:15 AM, 8:30 AM, 8:45 AM, 9:00 AM, 9:15 AM, 9:30 AM, 9:45 AM, 10:00 AM"
5,factor and multiples,Find factors and multiples to solve practical problems,"A parade route is being decorated with three types of balloons. One type is tied every 3 metres, another every 7 metres, and the third every 9 metres along the route.
What is the minimum distance from the starting point where all three types of balloons will appear together for the first time?",63 m
5,factor and multiples,Find factors and multiples to solve practical problems,What is the smallest common multiple of 2 and 5?,10
5,factor and multiples,Find factors and multiples to solve practical problems,"Sunita took some tamarind seeds. She made groups of five with them, and found that one seed was left over. She tried making groups of six and groups of four. Each time, one seed was left over. What is the smallest number of seeds that Sunita had?", 61
5,factor and multiples,Find factors and multiples to solve practical problems,"Ravi has a certain number of chocolates. When he divides them into groups of 7, one chocolate is left over. When he divides them into groups of 5, one chocolate is left over. What is the smallest number of chocolates Ravi could have?", 36
5,factor and multiples,Find factors and multiples to solve practical problems,"Manoj has a new house. He wants to lay tiles on the floor. The size of the room is 9 feet × 12 feet. In the market, there are three kinds of square tiles: 1 foot × 1 foot, 2 feet × 2 feet, and 3 feet × 3 feet. He wants to use the largest possible tile so that the floor can be completely covered without cutting any tile. Which size of tile should he buy?",3 × 3 ft tiles
5,factor and multiples,Find factors and multiples to solve practical problems,"Aman has a kitchen floor that is 10 feet long and 5 feet wide. He wants to cover it completely using square tiles. The available tile sizes are 2 feet × 2 feet, and 5 feet × 5 feet.
Which tile size should Aman choose to cover the floor without cutting any tiles?", 5 feet × 5 feet
5,factor and multiples,Find factors and multiples to solve practical problems,"Ramesh has a garden with dimensions 6 feet × 8 feet. He wants to cover the entire area using square tiles. The available tile sizes are 2 feet × 2 feet, and 4 feet × 4 feet. Which tile size should he buy to cover the garden completely without cutting any tiles?", 2 ft tiles
5,factor and multiples,Find factors and multiples to solve practical problems,"Rani, Geeta, and Naseema live near each other. The distance from their house to the road is 80 feet. They decided to tile the path to the road. They all bought tiles of different designs and lengths. Rani bought the shortest tile, Geeta bought the middle-sized one, and Naseema bought the longest one. If they could tile the path without cutting any of the tiles, what is the size of the tiles each has bought? Give three different solutions.","Rani 4 ft, Geetha 10 ft & Naseema 20 ft;    Rani 5 ft, Geetha 8 ft & Naseema 20 ft;    Rani 2 ft, Geetha 5 ft & Naseema 16 ft"
5,measurement ,"applies the four fundamental arithmetic operations in solving problems involving money, length, mass, capacity and time intervals",A fruit seller has 8 kg 500 g of apples. He sells 3 kg 750 g in the morning and 2 kg 125 g in the evening. How much apple is left?,2kg 625g
5,measurement ,"applies the four fundamental arithmetic operations in solving problems involving money, length, mass, capacity and time intervals",A school kitchen needs 15 kg of rice. They already have 8 kg 750 g. How much more rice do they need to buy?,6 kg 250 g
5,measurement ,"applies the four fundamental arithmetic operations in solving problems involving money, length, mass, capacity and time intervals",A packet of dal weighs 750 g. How many such packets will make 6 kg of dal?,8
5,measurement ,"applies the four fundamental arithmetic operations in solving problems involving money, length, mass, capacity and time intervals","Rohit bought 2 kg 450 g of tomatoes and 1 kg 600 g of potatoes.
What is the total weight of the vegetables?",4kg 50g
5,measurement ,"applies the four fundamental arithmetic operations in solving problems involving money, length, mass, capacity and time intervals",Nisha has a jug that can hold 2 l 200 ml of lemonade. She pours it into 200 ml cups. How many cups can she fill?,11
5,measurement ,"applies the four fundamental arithmetic operations in solving problems involving money, length, mass, capacity and time intervals",A milkman delivers 1 l 500 ml of milk to Ritu’s home every morning and 800 ml in the evening. How much milk does Ritu’s family get in one day?,2 L 300 ml
5,measurement ,"applies the four fundamental arithmetic operations in solving problems involving money, length, mass, capacity and time intervals","A jar has 900 ml of mango pulp. To fill small boxes of 150 ml each, how many boxes can be filled",6
5,measurement ,"applies the four fundamental arithmetic operations in solving problems involving money, length, mass, capacity and time intervals","A bottle contains 750 ml of juice. Rohan pours 3 bottles into a jar.
How much juice is in the jar in litres and millilitres?",2 L 250 ml.
5,measurement,relates different commonly used larger and smaller units of weight and volume and converts larger units to smaller units and vice versa,A packet of flour weighs 2 kg. Convert this weight to grams.,2000g
5,measurement,relates different commonly used larger and smaller units of weight and volume and converts larger units to smaller units and vice versa,A watermelon weighs 3.5 kg. How many grams is this?,3500g
5,measurement,relates different commonly used larger and smaller units of weight and volume and converts larger units to smaller units and vice versa,A packet of saffron weighs 6 g 750 mg. Convert this weight into milligrams.,6750 mg
5,measurement,relates different commonly used larger and smaller units of weight and volume and converts larger units to smaller units and vice versa,A gold chain weighs 15 g 600 mg. Convert the total weight to milligrams.,15600 mg
5,measurement,relates different commonly used larger and smaller units of weight and volume and converts larger units to smaller units and vice versa,Ram filled a jug with 1 L 750 mL of water. What is the total volume in millilitres?,1750 mL
5,measurement,relates different commonly used larger and smaller units of weight and volume and converts larger units to smaller units and vice versa,A container has 5 L 125 mL of milk. Convert it into millilitres.,5125 mL
5,measurement,relates different commonly used larger and smaller units of weight and volume and converts larger units to smaller units and vice versa,A farmer harvests 6 quintals of wheat. He stores the wheat in sacks that hold 30 kg each. How many sacks does he need?,20
5,measurement,relates different commonly used larger and smaller units of weight and volume and converts larger units to smaller units and vice versa,A recycling plant processes 1.6 tonnes of paper every day. How many kilograms of paper is this?,1600 kg
5,area,"finds out the perimeter and area of rectangular objects in the surroundings like floor of the class room, surfaces of a chalk box etc.",A farmer has a rectangular field that is 45 meters long and 30 meters wide. What is the area of the field?,1350 m²
5,area,"finds out the perimeter and area of rectangular objects in the surroundings like floor of the class room, surfaces of a chalk box etc.",A square-shaped park has a side length of 20 meters. What is the total area of the park?,400 m²
5,area,"finds out the perimeter and area of rectangular objects in the surroundings like floor of the class room, surfaces of a chalk box etc.","Sheetal has two rugs. One rug is 3 meters long and 2 meters wide, and the other is 4 meters long and 1 meter wide. Which rug has a larger area, and by how much?",Rug 1 is larger by 2 m²
5,area,"finds out the perimeter and area of rectangular objects in the surroundings like floor of the class room, surfaces of a chalk box etc.","A rectangular room is 6 meters long and 4 meters wide. If each square tile has a side length of 2 meters, how many tiles are needed to cover the entire floor?",6 tiles
5,area,"finds out the perimeter and area of rectangular objects in the surroundings like floor of the class room, surfaces of a chalk box etc.",A rectangular wall is 10 meters long and 5 meters high. A 3-meter by 2-meter window is placed in the middle. What is the remaining area of the wall that needs to be painted?, 44 m²
5,area,"finds out the perimeter and area of rectangular objects in the surroundings like floor of the class room, surfaces of a chalk box etc.",A rectangular carpet is 250 cm long and 180 cm wide. What is the area of the carpet in square meters?,4.5 m²
5,area,"finds out the perimeter and area of rectangular objects in the surroundings like floor of the class room, surfaces of a chalk box etc.",A mobile phone screen is 120 mm long and 60 mm wide. Find its area in square centimeters.,72 cm²
5,area,"finds out the perimeter and area of rectangular objects in the surroundings like floor of the class room, surfaces of a chalk box etc.",A rectangular garden has an area of 800 square meters. Each flower bed takes up 50 square meters of space. How many flower beds can be placed in the garden?,16 
5,area,"finds out the perimeter and area of rectangular objects in the surroundings like floor of the class room, surfaces of a chalk box etc.","A company is making banners for an event. Each banner is 3 meters long and 2 meters wide. If they need 15 banners, what is the total area of fabric required?",90 m²
5,area,"finds out the perimeter and area of rectangular objects in the surroundings like floor of the class room, surfaces of a chalk box etc.","A rectangular swimming pool has an area of 640 square meters. If the width is 20 meters, what is the length of the pool?",32 m
5,area,"finds out the perimeter and area of rectangular objects in the surroundings like floor of the class room, surfaces of a chalk box etc.",A square has an area of 16 square cm. Another square has a side that is double the side of the first square. What is the difference between their areas?, 48 cm²
5,area,"finds out the perimeter and area of rectangular objects in the surroundings like floor of the class room, surfaces of a chalk box etc.",Arbaz plans to tile his kitchen floor with green square tiles. Each side of the tile is 10 cm. His kitchen is 220 cm in length and 180 cm wide. How many tiles will he need?,396
5,area,"finds out the perimeter and area of rectangular objects in the surroundings like floor of the class room, surfaces of a chalk box etc.","Anshika wants to cover a rectangular table with a tablecloth. The length of the table is 150 cm, and the width is 100 cm. If she buys a tablecloth that is 50 cm by 50 cm, how many tablecloths will she need to cover the table completely?",6
5,area,"finds out the perimeter and area of rectangular objects in the surroundings like floor of the class room, surfaces of a chalk box etc.","A garden is 12 meters long and 6 meters wide. If each tile used to cover the garden has an area of 1 square meter, how many tiles will be needed to cover the entire garden?",72 tiles
5,area,"finds out the perimeter and area of rectangular objects in the surroundings like floor of the class room, surfaces of a chalk box etc.",A school playground is 25 meters long and 15 meters wide. The playground is divided into squares for a game. Each square has an area of 1 square meter. How many squares can be created on the playground?,375 squares
5,perimeter,"finds out the perimeter and area of rectangular objects in the surroundings like floor of the class room, surfaces of a chalk box etc.",A rectangular park is 50 meters long and 30 meters wide. What is the perimeter of the park?,160 m
5,perimeter,"finds out the perimeter and area of rectangular objects in the surroundings like floor of the class room, surfaces of a chalk box etc.",A square-shaped garden has a side length of 25 meters. Find the perimeter of the garden.,100 m
5,perimeter,"finds out the perimeter and area of rectangular objects in the surroundings like floor of the class room, surfaces of a chalk box etc.","A rectangular playground is 80 meters long and 40 meters wide, while a square playground has a side length of 60 meters. Which playground has a larger perimeter?",Both have equal perimeter
5,perimeter,"finds out the perimeter and area of rectangular objects in the surroundings like floor of the class room, surfaces of a chalk box etc.","A farmer wants to put a fence around his rectangular farm, which is 120 meters long and 90 meters wide. How much fencing will he need?",420 m
5,perimeter,"finds out the perimeter and area of rectangular objects in the surroundings like floor of the class room, surfaces of a chalk box etc.","The perimeter of a rectangular swimming pool is 240 meters. If its length is 80 meters, find its width.",40 m
5,perimeter,"finds out the perimeter and area of rectangular objects in the surroundings like floor of the class room, surfaces of a chalk box etc.",A photo frame is 45 cm long and 30 cm wide. Find the perimeter of the frame in centimeters.,150 cm
5,perimeter,"finds out the perimeter and area of rectangular objects in the surroundings like floor of the class room, surfaces of a chalk box etc.","A mobile phone case is 120 mm long and 60 mm wide. What is its perimeter in millimeters? Also, express the perimeter in centimeters.","360 mm, 36 cm"
5,perimeter,"finds out the perimeter and area of rectangular objects in the surroundings like floor of the class room, surfaces of a chalk box etc.",A school field has a length of 200 meters and a width of 150 meters. What is the total perimeter of the field?,700 m
5,perimeter,"finds out the perimeter and area of rectangular objects in the surroundings like floor of the class room, surfaces of a chalk box etc.",A square floor tile has a side of 15 cm. What is its perimeter?,60 cm
5,perimeter,"finds out the perimeter and area of rectangular objects in the surroundings like floor of the class room, surfaces of a chalk box etc.",A rectangular picture frame is 40 cm long and 25 cm wide. How much wire is needed to go around the frame?,130 cm
5,perimeter,"finds out the perimeter and area of rectangular objects in the surroundings like floor of the class room, surfaces of a chalk box etc.","A cardboard sheet is 10 cm long and 18 cm wide. A square sticker has an area of 9 square cm. What is the perimeter of the sheet, and how many such stickers can be placed along the width of the sheet?","Perimeter = 56 cm, Stickers along width = 6"
5,perimeter,"finds out the perimeter and area of rectangular objects in the surroundings like floor of the class room, surfaces of a chalk box etc.",A rectangular field has a length of 30 m and a width of 15 m. What is the perimeter of the field?,90 m
5,perimeter,"finds out the perimeter and area of rectangular objects in the surroundings like floor of the class room, surfaces of a chalk box etc.","A thick sheet is 16 cm long and 8 cm wide. A stamp has an area of 4 cm² and is square in shape. What is the perimeter of the sheet, and how many such stamps can be placed along the length of the sheet?","Perimeter = 48 cm, Stamps along length = 4"
5,perimeter,"finds out the perimeter and area of rectangular objects in the surroundings like floor of the class room, surfaces of a chalk box etc.","A thin wire 20 centimetres long is formed into a rectangle. If the width of this rectangle is 4 centimetres, what is its length?",6 cm
5,perimeter,"finds out the perimeter and area of rectangular objects in the surroundings like floor of the class room, surfaces of a chalk box etc.",A square carrom board has a perimeter of 280 cm.How much is its area?,4900 cm²
5,perimeter,"finds out the perimeter and area of rectangular objects in the surroundings like floor of the class room, surfaces of a chalk box etc.",You have two squares. Square A has a side length of 3 cm. Square B has a side length that is double the length of Square A.How many times is the perimeter of Square B compared to the perimeter of Square A?,The perimeter of Square B is 2 times the perimeter of Square A.
5,multiplication,Multiply 3-digit numbers by 3-digit numbers,A factory in Kanpur produces 125 shirts every day. How many shirts will it produce in 365 days?,"45,625 shirts"
5,multiplication,Multiply 3-digit numbers by 3-digit numbers,"A farmer plants 132 saplings in one field. If he has 214 such fields, how many saplings does he plant in total?","28,248 saplings"
5,multiplication,Multiply 3-digit numbers by 3-digit numbers,A printing press prints 243 newspapers daily for each of its 312 clients. How many newspapers does it print in total every day?,"75,816 newspapers"
5,multiplication,Multiply 3-digit numbers by 3-digit numbers,"A textile mill produces 326 metres of cloth per machine in a day. If there are 145 machines, how much cloth is produced in one day?","47,270 metres"
5,multiplication,Multiply 3-digit numbers by 3-digit numbers,A mango orchard in Maharashtra has 312 trees. Each tree produces 145 mangoes in a season. How many mangoes are produced in total?,"45,240 mangoes"
5,division,divides a given number by another number using standard algorithms. Divide  4-digit numbers by 1- or 2-digit numbers,"A farmer has 1,248 apples. He packs them equally into 26 baskets. How many apples are there in each basket?",48 apples
5,division,divides a given number by another number using standard algorithms. Divide  4-digit numbers by 1- or 2-digit numbers,"A school library has 3,672 books. If each shelf can hold 68 books, how many shelves are needed to store all the books?",54 shelves
5,division,divides a given number by another number using standard algorithms. Divide  4-digit numbers by 1- or 2-digit numbers,"A farmer harvested 3,648 kg of wheat and packed it equally into 6 sacks. How much wheat is there in each sack?",608 kg
5,division,divides a given number by another number using standard algorithms. Divide  4-digit numbers by 1- or 2-digit numbers,"A farmer harvested 2,850 kilograms of wheat. If he packs them into 75 kg sacks, how many sacks does he need?",38 sacks
5,division,divides a given number by another number using standard algorithms. Divide  4-digit numbers by 1- or 2-digit numbers,"A school in Chennai received 4,824 books to distribute equally among 24 classrooms. How many books will each classroom get?",201 books
5,division,divides a given number by another number using standard algorithms. Divide  4-digit numbers by 1- or 2-digit numbers,"A farmer harvested 6,372 mangoes and packed them into boxes, with 21 mangoes in each box. How many boxes did he use?",304 boxes
5,division,divides a given number by another number using standard algorithms. Divide  4-digit numbers by 1- or 2-digit numbers,"A trust donates ₹ 8,400 equally among 35 students as a scholarship. How much does each student receive?",₹ 240 
5,division,divides a given number by another number using standard algorithms. Divide  4-digit numbers by 1- or 2-digit numbers,"A publisher printed 4,752 books and distributed them equally among 8 schools. How many books did each school receive?",594 books
5,division,divides a given number by another number using standard algorithms. Divide  4-digit numbers by 1- or 2-digit numbers,"A cricket stadium has 5,280 seats arranged in 24 equal sections. How many seats are in each section?",220 seats
5,division,divides a given number by another number using standard algorithms. Divide  4-digit numbers by 1- or 2-digit numbers,"A printing press printed 9,856 posters and wants to distribute them equally among 32 stores. How many posters will each store get?",308 posters
5,division,divides a given number by another number using standard algorithms. Divide  4-digit numbers by 1- or 2-digit numbers,"A truck carried 2,808 kg of rice and delivered it equally to 7 shops. How much rice did each shop get?",401.14 kg
5,division,divides a given number by another number using standard algorithms. Divide  4-digit numbers by 1- or 2-digit numbers,"A movie theatre in Mumbai has 7,200 seats divided equally into 30 rows. How many seats are there in each row?",240 seats
5,division,divides a given number by another number using standard algorithms. Divide  4-digit numbers by 1- or 2-digit numbers,"A total of 9,630 passengers travel by bus in one day. If there are 30 buses operating that day and each bus carries an equal number of passengers, how many passengers travel on each bus?",321 passengers
5,division,divides a given number by another number using standard algorithms. Divide  4-digit numbers by 1- or 2-digit numbers,"A dairy farm produced 4,392 litres of milk in a week. If the milk is distributed equally over 6 days, how much milk is distributed each day?",732 litres
5,division,divides a given number by another number using standard algorithms. Divide  4-digit numbers by 1- or 2-digit numbers,"A stationery shop received 6,756 notebooks to be divided equally among 18 schools. How many notebooks will each school get?",375 notebooks
5,multiplication,Multiply 3-digit numbers by 3-digit numbers,"A dairy farmer packs 1 kg paneer for ₹285. In a festive week, he sells 312 packets. How much money does he earn from paneer sales?","88,920"
5,multiplication,Multiply 3-digit numbers by 3-digit numbers,A school printed 425 notebooks for the new term. Each notebook has 120 pages. How many pages were printed in total?,"51,000"
5,multiplication,Multiply 3-digit numbers by 3-digit numbers,"A sweet shop makes 1 tray of laddus containing 108 pieces. During Diwali, they prepare 345 trays. How many laddus are made?","37,260"
5,multiplication,Multiply 3-digit numbers by 3-digit numbers,"A book fair has 312 stalls, and each stall displays 245 books. How many books are displayed in total?","76,440"
5,multiplication,Multiply 3-digit numbers by 3-digit numbers,"A bicycle factory produces 1 batch of 135 bicycles. In a year, they make 248 batches. How many bicycles are produced in total?","33,480"
5,multiplication,Multiply 3-digit numbers by 3-digit numbers,A farmer plants 1 row of 214 sugarcane plants. He creates 198 such rows. How many sugarcane plants are there altogether?,"42,372"
5,multiplication,Multiply 3-digit numbers by 3-digit numbers,"An online store sells 1 gadget for ₹599, and receives 125 orders in a day. How much does the store earn that day?","74,875"
5,multiplication,Multiply 3-digit numbers by 3-digit numbers,"A fruit market sells 478 apples in a crate. If 315 crates are brought in a week, how many apples arrive?","1,50,570"